<?xml version="1.0" encoding="UTF-8"?>
<project xmlns="http://maven.apache.org/POM/4.0.0" xmlns:xsi="http://www.w3.org/2001/XMLSchema-instance"
         xsi:schemaLocation="http://maven.apache.org/POM/4.0.0 http://maven.apache.org/xsd/maven-4.0.0.xsd">
    <modelVersion>4.0.0</modelVersion>
    <groupId>com.bmo.bmocm.datamesh.common</groupId>
    <artifactId>parent</artifactId>
    <version>1.0.1-SNAPSHOT</version>
    <packaging>pom</packaging>
    <name>parent</name>
    <description>Parent project </description>
    <properties>
        <maven.home>C:/apache-maven-3.6.3</maven.home>
        <project.reporting.outputEncoding>UTF-8</project.reporting.outputEncoding>
        <jdk.major.version>1.8</jdk.major.version>
        <maven-compiler-plugin-version>3.8.1</maven-compiler-plugin-version>
        <buildnumber-maven-plugin-version>1.4</buildnumber-maven-plugin-version>
        <maven-scm-plugin-version>1.11.2</maven-scm-plugin-version>
        <maven-javadoc-plugin-version>3.1.0</maven-javadoc-plugin-version>
        <maven-jar-plugin-version>3.1.2</maven-jar-plugin-version>
        <maven-source-plugin-version>3.0.1</maven-source-plugin-version>
        <maven-surefire-plugin-version>3.0.0-M3</maven-surefire-plugin-version>
        <maven-failsafe-plugin-version>3.0.0-M3</maven-failsafe-plugin-version>
    </properties>
    <organization>
        <name>BMO Capital Markets</name>
        <url>http://cm.bmo.com</url>
    </organization>

    <build>
        <plugins>
            <!--Maven compiler -->
            <plugin>
                <groupId>org.apache.maven.plugins</groupId> <artifactId>maven-compiler-plugin</artifactId> <version>${maven-compiler-plugin-version}</version>
                <configuration>
                    <source>${jdk.major.version} </source>
                    <target>${jdk.major.version}</target>
                </configuration>
            </plugin>
            <!-- gets a unique build number for each time a project is built --> <plugin>
            <groupId>org.codehaus.mojo</groupId>
            <artifactId>buildnumber-maven-plugin</artifactId>
            <version>${buildnumber-maven-plugin-version}</version>
            <configuration>
                <doCheck>false</doCheck>
                <doUpdate>false</doUpdate>
                <revisionOnScmFailure>-1</revisionOnScmFailure>
            </configuration>
            <executions>
                <execution>
                    <phase>validate</phase>
                    <goals>
                        <goal>create</goal>
                    </goals>
                </execution>
            </executions>
        </plugin>
            <!-- Maven jar plugin -->
            <plugin>
                <groupId>org.apache.maven.plugins</groupId> <artifactId>maven-jar-plugin</artifactId>
                <version>${maven-jar-plugin-version}</version>
                <configuration>
                    <archive>
                        <manifest>
                            <addDefaultImplementationEntries>true</addDefaultImplementationEntries>
                        </manifest>
                        <manifestEntries>
                            <Implementation-Build>${buildNumber} </Implementation-Build>
                            <Subversion-URL>${project.scm.connection} </Subversion-URL>
                        </manifestEntries>
                    </archive>
                    <excludes>
                        <exclude>**/logback.xml</exclude>
                        <exclude>**/*.properties</exclude>
                        <exclude>**/*.yml</exclude>
                        <exclude>**/*.jks</exclude>
                        <exclude>**/*.p12</exclude>
                        <exclude>**/*.pfx</exclude>
                    </excludes>
                </configuration>
            </plugin>
            <!-- Maven source plugin -->
            <plugin>
                <groupId>org.apache.maven.plugins</groupId> <artifactId>maven-source-plugin</artifactId> <version>${maven-source-plugin-version}</version>
                <executions>
                    <execution>
                        <id>attach-sources</id>
                        <goals>
                            <goal>jar</goal>
                        </goals>
                    </execution>
                </executions>
            </plugin>
            <!-- Maven release -->
            <plugin>
                <groupId>org.apache.maven.plugins</groupId> <artifactId>maven-release-plugin</artifactId>
                <version>${maven-release-plugin-version}</version>
                <configuration>
                    <goals>deploy</goals>
                    <mavenHome>${maven.home} </mavenHome>
                    <arguments>-Dbuild.number=${build.number}</arguments>
                </configuration>
            </plugin>
            <!-- Javadoc plugin generates javadoc for a project --> <plugin>
            <groupId>org.apache.maven.plugins</groupId> <artifactId>maven-javadoc-plugin</artifactId> <version>${maven-javadoc-plugin-version}</version>
            <executions>
                <execution>
                    <id>attach-javadocs</id>
                    <goals>
                        <goal>jar</goal>
                    </goals>
                    <configuration>
                        <additionalJoption>-Xdoclint: none</additionalJoption>
                    </configuration>
                </execution>
            </executions>
        </plugin>
            <!-- Test -->
            <plugin>
                <groupId>org.apache.maven.plugins</groupId> <artifactId>maven-surefire-plugin</artifactId> <version>${maven-surefire-plugin-version}</version>
                <configuration>
                    <useFile>false</useFile>
                    <argLine>-Xms 256m -Xmx1024m</argLine>
                    <excludes>
                        <exclude>**/*IntegrationTest.java, **/*$*</exclude>
                    </excludes>
                    <systemPropertyVariables>
                        <property>
                            <name>log4j.configuration</name>
                            <value>log4j.xml</value>
                        </property>
                        <property>
                            <name>BAQO_ENV</name>
                            <value>dev</value>
                        </property>
                        <property>
                            <name>java.io.tmpdir</name>
                            <value>./target</value>
                        </property>
                    </systemPropertyVariables>
                    <additionalClasspathElements>
                        <additionalClasspathElement>${basedir}/src/main/config</additionalClasspathElement> <additionalClasspathElement>${basedir}/src/main/config/spring</additionalClasspathElement>
                    </additionalClasspathElements>
                </configuration>
            </plugin>
            <!-- http://maven.apache.org/plugins/maven-failsafe-plugin/index.html --> <plugin>
            <groupId>org.apache.maven.plugins</groupId> <artifactId>maven-failsafe-plugin</artifactId> <version>${maven-failsafe-plugin-version}</version>
            <configuration>
                <argLine>-Xms256m -Xmx1024m</argLine>
                <excludes>
                    <exclude>**/*IntegrationTest.java</exclude>
                </excludes>
                <systemPropertyVariables>
                    <property>
                        <name>BAQO_ENV</name>
                        <value>dev</value>
                    </property>
                </systemPropertyVariables>
                <additionalClasspathElements>
                    <additionalClasspathElement>${basedir}/src/main/config</additionalClasspathElement> <additionalClasspathElement>${basedir}/src/main/config/spring</additionalClasspathElement>
                </additionalClasspathElements>
            </configuration>
            <executions>
                <execution>
                    <id>integration-test</id>
                    <goals>
                        <goal>integration-test</goal>
                    </goals>
                </execution>
                <execution>
                    <id>verify</id>
                    <goals>
                        <goal>verify</goal>
                    </goals>
                </execution>
            </executions>
        </plugin>
            <!-- Build tools -->
            <plugin>
                <groupId>org.apache.maven.plugins</groupId> <artifactId>maven-eclipse-plugin</artifactId>
                <version>${maven-eclipse-plugin-version}</version>
                <configuration>
                    <addGroupIdToProjectName>true</addGroupIdToProjectName>
                    <additionalConfig>
                        <file>
                            <name>.settings/org.eclipse.jdt.core.prefs</name> <location>org.eclipse.jdt.core.prefs</location>
                        </file>
                    </additionalConfig>
                </configuration>
            </plugin>
        </plugins>
    </build>
    <profiles>
        <profile>
            <id>default</id>
            <activation>
                <activeByDefault>true</activeByDefault>
                <jdk>[1.8,)</jdk>
            </activation>
            <properties>
                <javadoc.opts>-Xdoclint:none</javadoc.opts>
            </properties>
        </profile>
        <profile>
            <id>assembly</id>
        </profile>
    </profiles>
</project>
